date,item_id,store_id,y_true,y_pred,fold,fallback
2016-03-01,FOODS_1_001,CA_1,24.96,24.32,1,False
2016-03-02,FOODS_1_001,CA_1,41.33,38.24,1,False
2016-03-03,FOODS_1_001,CA_1,31.95,33.32,1,False
2016-03-04,FOODS_1_001,CA_1,27.18,27.95,1,False
2016-03-05,FOODS_1_001,CA_1,24.16,27.53,1,False
2016-03-06,FOODS_1_001,CA_1,31.73,34.08,1,False
2016-03-07,FOODS_1_001,CA_1,20.43,19.02,1,False
2016-03-08,FOODS_1_001,CA_1,35.14,37.34,1,False
2016-03-09,FOODS_1_001,CA_1,28.35,28.48,1,False
2016-03-10,FOODS_1_001,CA_1,18.41,16.25,1,False
2016-03-11,FOODS_1_001,CA_1,29.55,28.7,1,False
2016-03-12,FOODS_1_001,CA_1,33.5,32.12,1,False
2016-03-13,FOODS_1_001,CA_1,32.85,30.73,1,False
2016-03-14,FOODS_1_001,CA_1,30.88,32.08,1,True
2016-03-15,FOODS_1_001,CA_1,29.05,29.64,1,False
2016-03-16,FOODS_1_001,CA_1,24.08,26.37,1,False
2016-03-17,FOODS_1_001,CA_1,32.06,29.93,1,True
2016-03-18,FOODS_1_001,CA_1,28.78,25.6,1,False
2016-03-19,FOODS_1_001,CA_1,21.99,19.97,1,True
2016-03-20,FOODS_1_001,CA_1,27.12,24.86,1,False
2016-03-21,FOODS_1_001,CA_1,24.87,26.84,1,False
2016-03-22,FOODS_1_001,CA_1,19.05,14.06,1,False
2016-03-23,FOODS_1_001,CA_1,25.76,24.42,1,False
2016-03-24,FOODS_1_001,CA_1,31.56,32.97,1,True
2016-03-25,FOODS_1_001,CA_1,25.79,28.12,1,False
2016-03-26,FOODS_1_001,CA_1,23.87,19.73,1,False
2016-03-27,FOODS_1_001,CA_1,27.95,29.5,1,False
2016-03-28,FOODS_1_001,CA_1,19.87,17.71,1,False
2016-03-29,FOODS_1_001,CA_1,25.98,27.34,1,False
2016-03-30,FOODS_1_001,CA_1,28.58,24.57,1,False
2016-03-01,FOODS_1_002,CA_1,1.14,3.51,1,False
2016-03-02,FOODS_1_002,CA_1,0.85,3.13,1,False
2016-03-03,FOODS_1_002,CA_1,0.46,0.0,1,False
2016-03-04,FOODS_1_002,CA_1,0.0,0.0,1,False
2016-03-05,FOODS_1_002,CA_1,0.0,0.0,1,False
2016-03-06,FOODS_1_002,CA_1,0.07,2.61,1,False
2016-03-07,FOODS_1_002,CA_1,1.38,5.4,1,False
2016-03-08,FOODS_1_002,CA_1,0.0,0.0,1,False
2016-03-09,FOODS_1_002,CA_1,0.81,0.99,1,False
2016-03-10,FOODS_1_002,CA_1,0.12,0.89,1,False
2016-03-11,FOODS_1_002,CA_1,0.0,2.16,1,False
2016-03-12,FOODS_1_002,CA_1,1.57,1.29,1,False
2016-03-13,FOODS_1_002,CA_1,2.19,3.9,1,False
2016-03-14,FOODS_1_002,CA_1,0.36,2.19,1,True
2016-03-15,FOODS_1_002,CA_1,1.45,0.0,1,False
2016-03-16,FOODS_1_002,CA_1,2.78,0.13,1,False
2016-03-17,FOODS_1_002,CA_1,0.0,4.17,1,False
2016-03-18,FOODS_1_002,CA_1,1.44,0.0,1,False
2016-03-19,FOODS_1_002,CA_1,2.24,6.05,1,False
2016-03-20,FOODS_1_002,CA_1,2.04,2.24,1,False
2016-03-21,FOODS_1_002,CA_1,0.0,0.0,1,False
2016-03-22,FOODS_1_002,CA_1,1.74,4.85,1,False
2016-03-23,FOODS_1_002,CA_1,0.0,0.0,1,False
2016-03-24,FOODS_1_002,CA_1,0.46,2.3,1,False
2016-03-25,FOODS_1_002,CA_1,0.0,0.0,1,False
2016-03-26,FOODS_1_002,CA_1,1.55,3.3,1,False
2016-03-27,FOODS_1_002,CA_1,1.48,6.22,1,False
2016-03-28,FOODS_1_002,CA_1,0.98,0.0,1,False
2016-03-29,FOODS_1_002,CA_1,0.38,0.16,1,True
2016-03-30,FOODS_1_002,CA_1,0.36,0.21,1,False
2016-03-01,FOODS_1_003,TX_1,5.93,4.78,1,False
2016-03-02,FOODS_1_003,TX_1,5.51,9.58,1,False
2016-03-03,FOODS_1_003,TX_1,7.65,6.82,1,False
2016-03-04,FOODS_1_003,TX_1,5.98,9.18,1,False
2016-03-05,FOODS_1_003,TX_1,7.52,6.06,1,False
2016-03-06,FOODS_1_003,TX_1,6.99,3.14,1,False
2016-03-07,FOODS_1_003,TX_1,7.6,6.74,1,False
2016-03-08,FOODS_1_003,TX_1,8.99,10.88,1,False
2016-03-09,FOODS_1_003,TX_1,9.14,9.0,1,False
2016-03-10,FOODS_1_003,TX_1,5.29,6.47,1,False
2016-03-11,FOODS_1_003,TX_1,8.3,7.79,1,False
2016-03-12,FOODS_1_003,TX_1,8.05,9.18,1,False
2016-03-13,FOODS_1_003,TX_1,6.33,6.89,1,False
2016-03-14,FOODS_1_003,TX_1,8.84,9.58,1,False
2016-03-15,FOODS_1_003,TX_1,6.67,7.26,1,False
2016-03-16,FOODS_1_003,TX_1,4.82,7.65,1,False
2016-03-17,FOODS_1_003,TX_1,7.25,5.95,1,False
2016-03-18,FOODS_1_003,TX_1,5.17,0.1,1,False
2016-03-19,FOODS_1_003,TX_1,8.81,8.03,1,False
2016-03-20,FOODS_1_003,TX_1,8.79,8.51,1,False
2016-03-21,FOODS_1_003,TX_1,6.35,6.21,1,False
2016-03-22,FOODS_1_003,TX_1,4.37,3.22,1,False
2016-03-23,FOODS_1_003,TX_1,7.94,5.76,1,False
2016-03-24,FOODS_1_003,TX_1,7.58,8.13,1,False
2016-03-25,FOODS_1_003,TX_1,6.83,8.4,1,False
2016-03-26,FOODS_1_003,TX_1,10.28,10.71,1,False
2016-03-27,FOODS_1_003,TX_1,5.53,6.96,1,False
2016-03-28,FOODS_1_003,TX_1,4.18,2.27,1,False
2016-03-29,FOODS_1_003,TX_1,9.73,10.49,1,False
2016-03-30,FOODS_1_003,TX_1,7.25,6.83,1,True
2016-03-01,FOODS_1_004,TX_2,13.71,14.82,1,False
2016-03-02,FOODS_1_004,TX_2,15.52,18.19,1,True
2016-03-03,FOODS_1_004,TX_2,18.47,21.29,1,False
2016-03-04,FOODS_1_004,TX_2,15.75,16.68,1,False
2016-03-05,FOODS_1_004,TX_2,17.88,15.97,1,True
2016-03-06,FOODS_1_004,TX_2,15.21,13.03,1,False
2016-03-07,FOODS_1_004,TX_2,12.6,11.0,1,False
2016-03-08,FOODS_1_004,TX_2,15.93,18.57,1,False
2016-03-09,FOODS_1_004,TX_2,15.1,16.85,1,False
2016-03-10,FOODS_1_004,TX_2,15.68,15.23,1,True
2016-03-11,FOODS_1_004,TX_2,14.59,13.14,1,False
2016-03-12,FOODS_1_004,TX_2,17.53,17.34,1,False
2016-03-13,FOODS_1_004,TX_2,13.58,14.19,1,False
2016-03-14,FOODS_1_004,TX_2,17.34,17.96,1,False
2016-03-15,FOODS_1_004,TX_2,11.44,10.25,1,False
2016-03-16,FOODS_1_004,TX_2,17.01,18.89,1,False
2016-03-17,FOODS_1_004,TX_2,15.69,18.72,1,False
2016-03-18,FOODS_1_004,TX_2,18.09,17.48,1,False
2016-03-19,FOODS_1_004,TX_2,17.18,16.08,1,True
2016-03-20,FOODS_1_004,TX_2,14.08,14.76,1,False
2016-03-21,FOODS_1_004,TX_2,20.56,18.53,1,False
2016-03-22,FOODS_1_004,TX_2,14.16,17.89,1,False
2016-03-23,FOODS_1_004,TX_2,15.32,17.78,1,False
2016-03-24,FOODS_1_004,TX_2,13.04,12.94,1,False
2016-03-25,FOODS_1_004,TX_2,15.26,13.85,1,False
2016-03-26,FOODS_1_004,TX_2,11.58,11.6,1,True
2016-03-27,FOODS_1_004,TX_2,10.81,12.48,1,True
2016-03-28,FOODS_1_004,TX_2,18.75,18.1,1,False
2016-03-29,FOODS_1_004,TX_2,16.37,18.86,1,False
2016-03-30,FOODS_1_004,TX_2,15.86,10.6,1,True
2016-03-01,HOUSEHOLD_1_001,WI_1,9.66,9.36,1,False
2016-03-02,HOUSEHOLD_1_001,WI_1,10.25,11.66,1,False
2016-03-03,HOUSEHOLD_1_001,WI_1,9.75,10.65,1,False
2016-03-04,HOUSEHOLD_1_001,WI_1,8.93,7.63,1,False
2016-03-05,HOUSEHOLD_1_001,WI_1,9.14,7.99,1,True
2016-03-06,HOUSEHOLD_1_001,WI_1,8.52,8.92,1,False
2016-03-07,HOUSEHOLD_1_001,WI_1,7.55,5.21,1,False
2016-03-08,HOUSEHOLD_1_001,WI_1,11.31,10.65,1,False
2016-03-09,HOUSEHOLD_1_001,WI_1,12.57,12.32,1,False
2016-03-10,HOUSEHOLD_1_001,WI_1,10.06,10.74,1,True
2016-03-11,HOUSEHOLD_1_001,WI_1,7.63,11.87,1,True
2016-03-12,HOUSEHOLD_1_001,WI_1,7.31,8.05,1,False
2016-03-13,HOUSEHOLD_1_001,WI_1,9.63,9.39,1,False
2016-03-14,HOUSEHOLD_1_001,WI_1,6.67,2.71,1,False
2016-03-15,HOUSEHOLD_1_001,WI_1,6.69,7.63,1,False
2016-03-16,HOUSEHOLD_1_001,WI_1,8.76,14.38,1,True
2016-03-17,HOUSEHOLD_1_001,WI_1,9.8,13.0,1,False
2016-03-18,HOUSEHOLD_1_001,WI_1,12.08,13.93,1,False
2016-03-19,HOUSEHOLD_1_001,WI_1,7.68,7.45,1,False
2016-03-20,HOUSEHOLD_1_001,WI_1,8.31,8.71,1,False
2016-03-21,HOUSEHOLD_1_001,WI_1,6.76,4.31,1,True
2016-03-22,HOUSEHOLD_1_001,WI_1,7.36,3.91,1,False
2016-03-23,HOUSEHOLD_1_001,WI_1,8.16,7.48,1,False
2016-03-24,HOUSEHOLD_1_001,WI_1,10.6,14.13,1,False
2016-03-25,HOUSEHOLD_1_001,WI_1,8.0,5.21,1,False
2016-03-26,HOUSEHOLD_1_001,WI_1,4.53,3.8,1,False
2016-03-27,HOUSEHOLD_1_001,WI_1,8.65,10.24,1,False
2016-03-28,HOUSEHOLD_1_001,WI_1,11.75,9.34,1,False
2016-03-29,HOUSEHOLD_1_001,WI_1,7.44,8.83,1,True
2016-03-30,HOUSEHOLD_1_001,WI_1,7.03,7.24,1,False
2016-03-01,HOUSEHOLD_1_002,WI_2,0.9,1.45,1,False
2016-03-02,HOUSEHOLD_1_002,WI_2,0.42,3.14,1,False
2016-03-03,HOUSEHOLD_1_002,WI_2,0.52,3.69,1,False
2016-03-04,HOUSEHOLD_1_002,WI_2,0.49,0.83,1,False
2016-03-05,HOUSEHOLD_1_002,WI_2,1.32,0.0,1,False
2016-03-06,HOUSEHOLD_1_002,WI_2,0.0,3.17,1,False
2016-03-07,HOUSEHOLD_1_002,WI_2,0.0,0.31,1,False
2016-03-08,HOUSEHOLD_1_002,WI_2,0.0,0.2,1,False
2016-03-09,HOUSEHOLD_1_002,WI_2,1.18,0.39,1,False
2016-03-10,HOUSEHOLD_1_002,WI_2,0.0,1.6,1,False
2016-03-11,HOUSEHOLD_1_002,WI_2,0.0,0.0,1,False
2016-03-12,HOUSEHOLD_1_002,WI_2,0.0,0.0,1,False
2016-03-13,HOUSEHOLD_1_002,WI_2,0.0,0.0,1,False
2016-03-14,HOUSEHOLD_1_002,WI_2,0.0,0.81,1,False
2016-03-15,HOUSEHOLD_1_002,WI_2,0.0,1.99,1,False
2016-03-16,HOUSEHOLD_1_002,WI_2,0.24,0.0,1,False
2016-03-17,HOUSEHOLD_1_002,WI_2,0.27,1.17,1,False
2016-03-18,HOUSEHOLD_1_002,WI_2,1.07,2.64,1,False
2016-03-19,HOUSEHOLD_1_002,WI_2,0.0,0.71,1,False
2016-03-20,HOUSEHOLD_1_002,WI_2,0.36,0.0,1,False
2016-03-21,HOUSEHOLD_1_002,WI_2,0.66,1.14,1,True
2016-03-22,HOUSEHOLD_1_002,WI_2,0.0,0.15,1,False
2016-03-23,HOUSEHOLD_1_002,WI_2,0.26,0.0,1,False
2016-03-24,HOUSEHOLD_1_002,WI_2,1.96,2.84,1,False
2016-03-25,HOUSEHOLD_1_002,WI_2,0.3,0.0,1,True
2016-03-26,HOUSEHOLD_1_002,WI_2,0.0,0.61,1,True
2016-03-27,HOUSEHOLD_1_002,WI_2,0.0,0.0,1,False
2016-03-28,HOUSEHOLD_1_002,WI_2,0.59,0.87,1,True
2016-03-29,HOUSEHOLD_1_002,WI_2,0.0,0.29,1,False
2016-03-30,HOUSEHOLD_1_002,WI_2,0.0,1.75,1,False
2016-03-01,HOBBIES_1_001,CA_2,18.65,17.34,1,False
2016-03-02,HOBBIES_1_001,CA_2,11.54,7.62,1,False
2016-03-03,HOBBIES_1_001,CA_2,15.02,15.19,1,False
2016-03-04,HOBBIES_1_001,CA_2,15.53,19.53,1,False
2016-03-05,HOBBIES_1_001,CA_2,12.8,11.75,1,False
2016-03-06,HOBBIES_1_001,CA_2,23.22,25.46,1,False
2016-03-07,HOBBIES_1_001,CA_2,16.76,17.49,1,False
2016-03-08,HOBBIES_1_001,CA_2,11.71,11.55,1,False
2016-03-09,HOBBIES_1_001,CA_2,19.47,15.64,1,True
2016-03-10,HOBBIES_1_001,CA_2,13.95,14.66,1,False
2016-03-11,HOBBIES_1_001,CA_2,18.45,18.28,1,True
2016-03-12,HOBBIES_1_001,CA_2,15.04,12.05,1,False
2016-03-13,HOBBIES_1_001,CA_2,20.87,18.99,1,False
2016-03-14,HOBBIES_1_001,CA_2,20.0,19.04,1,False
2016-03-15,HOBBIES_1_001,CA_2,17.21,21.34,1,False
2016-03-16,HOBBIES_1_001,CA_2,20.14,20.32,1,False
2016-03-17,HOBBIES_1_001,CA_2,16.23,17.31,1,False
2016-03-18,HOBBIES_1_001,CA_2,21.58,23.46,1,True
2016-03-19,HOBBIES_1_001,CA_2,18.14,17.27,1,False
2016-03-20,HOBBIES_1_001,CA_2,14.84,17.08,1,False
2016-03-21,HOBBIES_1_001,CA_2,14.04,13.08,1,False
2016-03-22,HOBBIES_1_001,CA_2,20.39,22.41,1,False
2016-03-23,HOBBIES_1_001,CA_2,21.01,18.75,1,False
2016-03-24,HOBBIES_1_001,CA_2,16.44,16.78,1,False
2016-03-25,HOBBIES_1_001,CA_2,13.93,12.82,1,False
2016-03-26,HOBBIES_1_001,CA_2,20.6,21.62,1,False
2016-03-27,HOBBIES_1_001,CA_2,14.04,12.76,1,False
2016-03-28,HOBBIES_1_001,CA_2,20.88,24.06,1,False
2016-03-29,HOBBIES_1_001,CA_2,17.48,19.13,1,False
2016-03-30,HOBBIES_1_001,CA_2,16.76,15.47,1,False
2016-03-01,HOBBIES_1_002,TX_1,3.47,4.92,1,False
2016-03-02,HOBBIES_1_002,TX_1,0.0,0.0,1,False
2016-03-03,HOBBIES_1_002,TX_1,0.0,0.0,1,False
2016-03-04,HOBBIES_1_002,TX_1,0.0,0.0,1,False
2016-03-05,HOBBIES_1_002,TX_1,8.39,7.91,1,False
2016-03-06,HOBBIES_1_002,TX_1,5.4,3.93,1,False
2016-03-07,HOBBIES_1_002,TX_1,0.0,0.0,1,False
2016-03-08,HOBBIES_1_002,TX_1,0.0,0.69,1,False
2016-03-09,HOBBIES_1_002,TX_1,0.0,0.12,1,False
2016-03-10,HOBBIES_1_002,TX_1,5.11,4.99,1,False
2016-03-11,HOBBIES_1_002,TX_1,0.0,0.0,1,False
2016-03-12,HOBBIES_1_002,TX_1,0.0,1.84,1,False
2016-03-13,HOBBIES_1_002,TX_1,5.72,8.03,1,False
2016-03-14,HOBBIES_1_002,TX_1,0.0,0.0,1,False
2016-03-15,HOBBIES_1_002,TX_1,3.83,4.55,1,False
2016-03-16,HOBBIES_1_002,TX_1,0.0,0.0,1,False
2016-03-17,HOBBIES_1_002,TX_1,0.0,0.99,1,False
2016-03-18,HOBBIES_1_002,TX_1,0.0,0.0,1,False
2016-03-19,HOBBIES_1_002,TX_1,0.0,0.0,1,False
2016-03-20,HOBBIES_1_002,TX_1,0.0,0.0,1,False
2016-03-21,HOBBIES_1_002,TX_1,0.0,0.06,1,False
2016-03-22,HOBBIES_1_002,TX_1,0.0,0.0,1,False
2016-03-23,HOBBIES_1_002,TX_1,4.96,7.26,1,False
2016-03-24,HOBBIES_1_002,TX_1,0.0,0.33,1,False
2016-03-25,HOBBIES_1_002,TX_1,0.0,1.61,1,False
2016-03-26,HOBBIES_1_002,TX_1,0.0,0.0,1,False
2016-03-27,HOBBIES_1_002,TX_1,0.0,0.78,1,False
2016-03-28,HOBBIES_1_002,TX_1,0.0,3.01,1,False
2016-03-29,HOBBIES_1_002,TX_1,4.19,2.05,1,False
2016-03-30,HOBBIES_1_002,TX_1,6.82,6.34,1,False
2016-03-01,HOBBIES_1_003,TX_2,6.3,9.44,1,False
2016-03-02,HOBBIES_1_003,TX_2,0.0,0.0,1,False
2016-03-03,HOBBIES_1_003,TX_2,11.25,11.76,1,False
2016-03-04,HOBBIES_1_003,TX_2,0.0,0.0,1,False
2016-03-05,HOBBIES_1_003,TX_2,0.0,0.36,1,False
2016-03-06,HOBBIES_1_003,TX_2,0.0,0.0,1,False
2016-03-07,HOBBIES_1_003,TX_2,8.55,6.96,1,False
2016-03-08,HOBBIES_1_003,TX_2,8.45,9.81,1,False
2016-03-09,HOBBIES_1_003,TX_2,0.0,0.52,1,False
2016-03-10,HOBBIES_1_003,TX_2,0.0,0.0,1,False
2016-03-11,HOBBIES_1_003,TX_2,2.43,2.22,1,False
2016-03-12,HOBBIES_1_003,TX_2,14.52,17.41,1,False
2016-03-13,HOBBIES_1_003,TX_2,1.57,1.23,1,False
2016-03-14,HOBBIES_1_003,TX_2,0.0,1.66,1,False
2016-03-15,HOBBIES_1_003,TX_2,0.0,3.26,1,True
2016-03-16,HOBBIES_1_003,TX_2,9.33,8.62,1,False
2016-03-17,HOBBIES_1_003,TX_2,0.0,0.59,1,False
2016-03-18,HOBBIES_1_003,TX_2,0.0,0.0,1,False
2016-03-19,HOBBIES_1_003,TX_2,0.0,0.57,1,False
2016-03-20,HOBBIES_1_003,TX_2,0.0,0.79,1,False
2016-03-21,HOBBIES_1_003,TX_2,0.0,1.95,1,False
2016-03-22,HOBBIES_1_003,TX_2,0.0,2.81,1,False
2016-03-23,HOBBIES_1_003,TX_2,0.0,0.0,1,False
2016-03-24,HOBBIES_1_003,TX_2,0.0,0.0,1,False
2016-03-25,HOBBIES_1_003,TX_2,7.04,9.0,1,False
2016-03-26,HOBBIES_1_003,TX_2,0.0,0.5,1,False
2016-03-27,HOBBIES_1_003,TX_2,0.0,4.98,1,True
2016-03-28,HOBBIES_1_003,TX_2,0.0,1.97,1,False
2016-03-29,HOBBIES_1_003,TX_2,0.0,0.0,1,False
2016-03-30,HOBBIES_1_003,TX_2,7.72,4.61,1,False
2016-03-01,HOUSEHOLD_1_003,WI_3,6.06,5.81,1,False
2016-03-02,HOUSEHOLD_1_003,WI_3,0.0,0.0,1,False
2016-03-03,HOUSEHOLD_1_003,WI_3,0.0,0.0,1,False
2016-03-04,HOUSEHOLD_1_003,WI_3,0.0,0.0,1,False
2016-03-05,HOUSEHOLD_1_003,WI_3,9.34,9.56,1,False
2016-03-06,HOUSEHOLD_1_003,WI_3,0.0,0.39,1,False
2016-03-07,HOUSEHOLD_1_003,WI_3,2.94,0.37,1,False
2016-03-08,HOUSEHOLD_1_003,WI_3,0.0,0.0,1,False
2016-03-09,HOUSEHOLD_1_003,WI_3,0.0,1.15,1,False
2016-03-10,HOUSEHOLD_1_003,WI_3,6.34,5.85,1,False
2016-03-11,HOUSEHOLD_1_003,WI_3,0.0,0.0,1,False
2016-03-12,HOUSEHOLD_1_003,WI_3,8.36,8.15,1,False
2016-03-13,HOUSEHOLD_1_003,WI_3,7.67,7.62,1,True
2016-03-14,HOUSEHOLD_1_003,WI_3,0.0,0.0,1,False
2016-03-15,HOUSEHOLD_1_003,WI_3,6.63,6.04,1,False
2016-03-16,HOUSEHOLD_1_003,WI_3,12.5,18.49,1,False
2016-03-17,HOUSEHOLD_1_003,WI_3,12.53,16.56,1,True
2016-03-18,HOUSEHOLD_1_003,WI_3,0.0,0.0,1,True
2016-03-19,HOUSEHOLD_1_003,WI_3,0.0,1.22,1,False
2016-03-20,HOUSEHOLD_1_003,WI_3,0.0,0.0,1,False
2016-03-21,HOUSEHOLD_1_003,WI_3,10.22,9.92,1,False
2016-03-22,HOUSEHOLD_1_003,WI_3,0.0,0.0,1,False
2016-03-23,HOUSEHOLD_1_003,WI_3,0.0,0.0,1,False
2016-03-24,HOUSEHOLD_1_003,WI_3,0.0,0.22,1,False
2016-03-25,HOUSEHOLD_1_003,WI_3,10.27,12.96,1,False
2016-03-26,HOUSEHOLD_1_003,WI_3,0.0,2.53,1,False
2016-03-27,HOUSEHOLD_1_003,WI_3,0.0,0.0,1,False
2016-03-28,HOUSEHOLD_1_003,WI_3,0.0,0.0,1,False
2016-03-29,HOUSEHOLD_1_003,WI_3,0.0,0.0,1,False
2016-03-30,HOUSEHOLD_1_003,WI_3,9.12,10.09,1,False
2016-03-01,FOODS_1_001,CA_1,26.25,23.36,2,True
2016-03-02,FOODS_1_001,CA_1,20.2,21.95,2,False
2016-03-03,FOODS_1_001,CA_1,28.94,30.95,2,False
2016-03-04,FOODS_1_001,CA_1,26.63,24.94,2,True
2016-03-05,FOODS_1_001,CA_1,21.18,22.86,2,False
2016-03-06,FOODS_1_001,CA_1,23.11,23.59,2,False
2016-03-07,FOODS_1_001,CA_1,21.41,19.5,2,True
2016-03-08,FOODS_1_001,CA_1,31.26,34.3,2,False
2016-03-09,FOODS_1_001,CA_1,25.97,31.07,2,False
2016-03-10,FOODS_1_001,CA_1,20.1,19.63,2,False
2016-03-11,FOODS_1_001,CA_1,28.43,27.96,2,False
2016-03-12,FOODS_1_001,CA_1,27.42,24.19,2,True
2016-03-13,FOODS_1_001,CA_1,25.42,22.3,2,False
2016-03-14,FOODS_1_001,CA_1,25.0,20.77,2,False
2016-03-15,FOODS_1_001,CA_1,24.02,25.75,2,False
2016-03-16,FOODS_1_001,CA_1,24.49,28.48,2,False
2016-03-17,FOODS_1_001,CA_1,27.56,30.47,2,False
2016-03-18,FOODS_1_001,CA_1,36.49,35.87,2,False
2016-03-19,FOODS_1_001,CA_1,20.76,21.77,2,False
2016-03-20,FOODS_1_001,CA_1,32.49,30.96,2,False
2016-03-21,FOODS_1_001,CA_1,25.99,26.61,2,False
2016-03-22,FOODS_1_001,CA_1,22.24,21.15,2,False
2016-03-23,FOODS_1_001,CA_1,23.81,25.6,2,True
2016-03-24,FOODS_1_001,CA_1,19.49,24.23,2,True
2016-03-25,FOODS_1_001,CA_1,25.73,24.43,2,False
2016-03-26,FOODS_1_001,CA_1,28.29,28.91,2,False
2016-03-27,FOODS_1_001,CA_1,24.97,26.01,2,False
2016-03-28,FOODS_1_001,CA_1,29.75,29.98,2,False
2016-03-29,FOODS_1_001,CA_1,28.87,29.04,2,False
2016-03-30,FOODS_1_001,CA_1,27.46,28.98,2,True
2016-03-01,FOODS_1_002,CA_1,1.11,1.2,2,False
2016-03-02,FOODS_1_002,CA_1,1.89,3.43,2,False
2016-03-03,FOODS_1_002,CA_1,2.07,3.75,2,False
2016-03-04,FOODS_1_002,CA_1,0.7,2.03,2,False
2016-03-05,FOODS_1_002,CA_1,0.6,0.0,2,False
2016-03-06,FOODS_1_002,CA_1,0.52,0.21,2,False
2016-03-07,FOODS_1_002,CA_1,2.14,1.65,2,False
2016-03-08,FOODS_1_002,CA_1,1.05,3.37,2,False
2016-03-09,FOODS_1_002,CA_1,0.13,0.99,2,False
2016-03-10,FOODS_1_002,CA_1,0.25,0.0,2,False
2016-03-11,FOODS_1_002,CA_1,0.91,1.72,2,False
2016-03-12,FOODS_1_002,CA_1,1.48,3.09,2,False
2016-03-13,FOODS_1_002,CA_1,1.46,0.22,2,False
2016-03-14,FOODS_1_002,CA_1,0.77,4.11,2,False
2016-03-15,FOODS_1_002,CA_1,1.27,1.17,2,False
2016-03-16,FOODS_1_002,CA_1,1.83,1.83,2,False
2016-03-17,FOODS_1_002,CA_1,2.03,1.66,2,False
2016-03-18,FOODS_1_002,CA_1,1.6,0.89,2,False
2016-03-19,FOODS_1_002,CA_1,0.0,1.31,2,False
2016-03-20,FOODS_1_002,CA_1,1.89,3.96,2,False
2016-03-21,FOODS_1_002,CA_1,1.57,2.14,2,False
2016-03-22,FOODS_1_002,CA_1,0.79,0.0,2,False
2016-03-23,FOODS_1_002,CA_1,2.07,5.04,2,False
2016-03-24,FOODS_1_002,CA_1,0.84,0.0,2,True
2016-03-25,FOODS_1_002,CA_1,0.05,1.19,2,False
2016-03-26,FOODS_1_002,CA_1,0.05,0.0,2,False
2016-03-27,FOODS_1_002,CA_1,0.95,1.26,2,True
2016-03-28,FOODS_1_002,CA_1,0.0,0.0,2,False
2016-03-29,FOODS_1_002,CA_1,0.0,0.0,2,False
2016-03-30,FOODS_1_002,CA_1,0.0,0.94,2,False
2016-03-01,FOODS_1_003,TX_1,7.33,8.69,2,False
2016-03-02,FOODS_1_003,TX_1,6.12,1.04,2,False
2016-03-03,FOODS_1_003,TX_1,5.1,2.85,2,False
2016-03-04,FOODS_1_003,TX_1,7.06,6.65,2,False
2016-03-05,FOODS_1_003,TX_1,5.55,4.29,2,False
2016-03-06,FOODS_1_003,TX_1,7.17,5.17,2,False
2016-03-07,FOODS_1_003,TX_1,7.2,7.34,2,False
2016-03-08,FOODS_1_003,TX_1,9.19,9.25,2,False
2016-03-09,FOODS_1_003,TX_1,3.13,1.25,2,False
2016-03-10,FOODS_1_003,TX_1,7.33,7.41,2,False
2016-03-11,FOODS_1_003,TX_1,7.29,10.37,2,True
2016-03-12,FOODS_1_003,TX_1,5.93,4.36,2,False
2016-03-13,FOODS_1_003,TX_1,7.2,6.27,2,False
2016-03-14,FOODS_1_003,TX_1,4.62,5.76,2,False
2016-03-15,FOODS_1_003,TX_1,8.66,8.52,2,False
2016-03-16,FOODS_1_003,TX_1,6.2,5.93,2,False
2016-03-17,FOODS_1_003,TX_1,6.42,4.43,2,False
2016-03-18,FOODS_1_003,TX_1,8.65,6.49,2,False
2016-03-19,FOODS_1_003,TX_1,6.08,7.3,2,False
2016-03-20,FOODS_1_003,TX_1,9.63,7.71,2,False
2016-03-21,FOODS_1_003,TX_1,7.12,7.86,2,False
2016-03-22,FOODS_1_003,TX_1,7.83,5.45,2,False
2016-03-23,FOODS_1_003,TX_1,8.45,8.92,2,False
2016-03-24,FOODS_1_003,TX_1,5.42,5.69,2,False
2016-03-25,FOODS_1_003,TX_1,6.88,6.32,2,False
2016-03-26,FOODS_1_003,TX_1,5.66,4.6,2,False
2016-03-27,FOODS_1_003,TX_1,6.99,8.93,2,False
2016-03-28,FOODS_1_003,TX_1,7.49,2.39,2,False
2016-03-29,FOODS_1_003,TX_1,5.74,7.83,2,False
2016-03-30,FOODS_1_003,TX_1,6.89,6.49,2,False
2016-03-01,FOODS_1_004,TX_2,16.02,17.43,2,False
2016-03-02,FOODS_1_004,TX_2,20.91,20.61,2,True
2016-03-03,FOODS_1_004,TX_2,16.89,19.02,2,True
2016-03-04,FOODS_1_004,TX_2,16.34,17.92,2,False
2016-03-05,FOODS_1_004,TX_2,15.53,14.14,2,False
2016-03-06,FOODS_1_004,TX_2,11.69,13.46,2,False
2016-03-07,FOODS_1_004,TX_2,17.83,18.15,2,False
2016-03-08,FOODS_1_004,TX_2,9.3,9.37,2,False
2016-03-09,FOODS_1_004,TX_2,15.42,16.87,2,False
2016-03-10,FOODS_1_004,TX_2,17.7,16.98,2,False
2016-03-11,FOODS_1_004,TX_2,13.75,12.37,2,False
2016-03-12,FOODS_1_004,TX_2,14.5,12.98,2,False
2016-03-13,FOODS_1_004,TX_2,14.28,9.33,2,False
2016-03-14,FOODS_1_004,TX_2,13.18,11.38,2,False
2016-03-15,FOODS_1_004,TX_2,12.91,7.4,2,False
2016-03-16,FOODS_1_004,TX_2,10.99,9.15,2,False
2016-03-17,FOODS_1_004,TX_2,11.51,9.32,2,False
2016-03-18,FOODS_1_004,TX_2,16.46,19.52,2,False
2016-03-19,FOODS_1_004,TX_2,15.82,19.47,2,False
2016-03-20,FOODS_1_004,TX_2,16.43,18.54,2,False
2016-03-21,FOODS_1_004,TX_2,12.64,15.27,2,False
2016-03-22,FOODS_1_004,TX_2,12.14,13.02,2,False
2016-03-23,FOODS_1_004,TX_2,14.74,13.62,2,False
2016-03-24,FOODS_1_004,TX_2,13.39,14.13,2,False
2016-03-25,FOODS_1_004,TX_2,10.77,10.3,2,False
2016-03-26,FOODS_1_004,TX_2,9.88,12.55,2,False
2016-03-27,FOODS_1_004,TX_2,17.48,19.09,2,False
2016-03-28,FOODS_1_004,TX_2,16.27,12.18,2,False
2016-03-29,FOODS_1_004,TX_2,19.52,20.23,2,False
2016-03-30,FOODS_1_004,TX_2,18.51,18.47,2,False
2016-03-01,HOUSEHOLD_1_001,WI_1,9.31,11.99,2,False
2016-03-02,HOUSEHOLD_1_001,WI_1,8.08,5.94,2,False
2016-03-03,HOUSEHOLD_1_001,WI_1,9.76,11.56,2,False
2016-03-04,HOUSEHOLD_1_001,WI_1,6.73,8.19,2,False
2016-03-05,HOUSEHOLD_1_001,WI_1,9.66,10.0,2,False
2016-03-06,HOUSEHOLD_1_001,WI_1,8.36,8.8,2,False
2016-03-07,HOUSEHOLD_1_001,WI_1,8.55,10.49,2,False
2016-03-08,HOUSEHOLD_1_001,WI_1,2.98,2.28,2,False
2016-03-09,HOUSEHOLD_1_001,WI_1,5.67,8.25,2,False
2016-03-10,HOUSEHOLD_1_001,WI_1,9.25,9.72,2,False
2016-03-11,HOUSEHOLD_1_001,WI_1,8.07,5.87,2,False
2016-03-12,HOUSEHOLD_1_001,WI_1,5.69,8.56,2,False
2016-03-13,HOUSEHOLD_1_001,WI_1,9.2,5.92,2,False
2016-03-14,HOUSEHOLD_1_001,WI_1,8.05,7.13,2,False
2016-03-15,HOUSEHOLD_1_001,WI_1,8.66,8.14,2,False
2016-03-16,HOUSEHOLD_1_001,WI_1,6.42,7.63,2,False
2016-03-17,HOUSEHOLD_1_001,WI_1,6.8,9.94,2,False
2016-03-18,HOUSEHOLD_1_001,WI_1,12.5,12.02,2,False
2016-03-19,HOUSEHOLD_1_001,WI_1,10.26,8.77,2,True
2016-03-20,HOUSEHOLD_1_001,WI_1,8.06,6.74,2,False
2016-03-21,HOUSEHOLD_1_001,WI_1,10.13,6.33,2,False
2016-03-22,HOUSEHOLD_1_001,WI_1,9.09,11.38,2,False
2016-03-23,HOUSEHOLD_1_001,WI_1,9.57,10.66,2,False
2016-03-24,HOUSEHOLD_1_001,WI_1,10.52,10.38,2,False
2016-03-25,HOUSEHOLD_1_001,WI_1,8.2,8.26,2,False
2016-03-26,HOUSEHOLD_1_001,WI_1,10.37,9.69,2,False
2016-03-27,HOUSEHOLD_1_001,WI_1,7.47,11.67,2,False
2016-03-28,HOUSEHOLD_1_001,WI_1,9.22,8.5,2,True
2016-03-29,HOUSEHOLD_1_001,WI_1,8.69,8.74,2,False
2016-03-30,HOUSEHOLD_1_001,WI_1,10.16,6.34,2,False
2016-03-01,HOUSEHOLD_1_002,WI_2,0.0,0.0,2,False
2016-03-02,HOUSEHOLD_1_002,WI_2,0.0,0.0,2,False
2016-03-03,HOUSEHOLD_1_002,WI_2,0.0,0.0,2,False
2016-03-04,HOUSEHOLD_1_002,WI_2,0.0,3.1,2,False
2016-03-05,HOUSEHOLD_1_002,WI_2,1.59,3.65,2,False
2016-03-06,HOUSEHOLD_1_002,WI_2,0.82,0.0,2,False
2016-03-07,HOUSEHOLD_1_002,WI_2,0.0,0.0,2,False
2016-03-08,HOUSEHOLD_1_002,WI_2,0.5,0.38,2,False
2016-03-09,HOUSEHOLD_1_002,WI_2,0.0,0.0,2,False
2016-03-10,HOUSEHOLD_1_002,WI_2,1.34,3.45,2,False
2016-03-11,HOUSEHOLD_1_002,WI_2,0.0,1.44,2,False
2016-03-12,HOUSEHOLD_1_002,WI_2,0.0,0.0,2,False
2016-03-13,HOUSEHOLD_1_002,WI_2,1.61,4.68,2,False
2016-03-14,HOUSEHOLD_1_002,WI_2,0.0,1.73,2,False
2016-03-15,HOUSEHOLD_1_002,WI_2,0.04,1.92,2,True
2016-03-16,HOUSEHOLD_1_002,WI_2,0.0,1.06,2,False
2016-03-17,HOUSEHOLD_1_002,WI_2,0.85,1.67,2,False
2016-03-18,HOUSEHOLD_1_002,WI_2,0.22,1.93,2,False
2016-03-19,HOUSEHOLD_1_002,WI_2,0.0,1.9,2,False
2016-03-20,HOUSEHOLD_1_002,WI_2,1.18,0.0,2,False
2016-03-21,HOUSEHOLD_1_002,WI_2,0.51,4.16,2,False
2016-03-22,HOUSEHOLD_1_002,WI_2,0.46,0.0,2,False
2016-03-23,HOUSEHOLD_1_002,WI_2,0.0,2.0,2,False
2016-03-24,HOUSEHOLD_1_002,WI_2,0.41,0.0,2,False
2016-03-25,HOUSEHOLD_1_002,WI_2,0.18,0.0,2,False
2016-03-26,HOUSEHOLD_1_002,WI_2,1.68,0.59,2,False
2016-03-27,HOUSEHOLD_1_002,WI_2,0.0,0.0,2,False
2016-03-28,HOUSEHOLD_1_002,WI_2,0.0,1.78,2,False
2016-03-29,HOUSEHOLD_1_002,WI_2,1.91,3.0,2,False
2016-03-30,HOUSEHOLD_1_002,WI_2,0.0,3.25,2,False
2016-03-01,HOBBIES_1_001,CA_2,16.75,15.42,2,False
2016-03-02,HOBBIES_1_001,CA_2,19.09,18.44,2,False
2016-03-03,HOBBIES_1_001,CA_2,12.4,10.87,2,False
2016-03-04,HOBBIES_1_001,CA_2,14.92,16.59,2,True
2016-03-05,HOBBIES_1_001,CA_2,10.64,12.05,2,False
2016-03-06,HOBBIES_1_001,CA_2,18.49,22.55,2,False
2016-03-07,HOBBIES_1_001,CA_2,14.24,14.89,2,False
2016-03-08,HOBBIES_1_001,CA_2,21.77,22.43,2,True
2016-03-09,HOBBIES_1_001,CA_2,22.4,23.47,2,True
2016-03-10,HOBBIES_1_001,CA_2,22.92,24.23,2,False
2016-03-11,HOBBIES_1_001,CA_2,28.43,30.97,2,False
2016-03-12,HOBBIES_1_001,CA_2,18.7,15.85,2,False
2016-03-13,HOBBIES_1_001,CA_2,23.51,25.88,2,False
2016-03-14,HOBBIES_1_001,CA_2,21.86,20.97,2,False
2016-03-15,HOBBIES_1_001,CA_2,18.72,18.58,2,False
2016-03-16,HOBBIES_1_001,CA_2,18.45,18.32,2,False
2016-03-17,HOBBIES_1_001,CA_2,16.27,12.34,2,False
2016-03-18,HOBBIES_1_001,CA_2,19.16,19.6,2,False
2016-03-19,HOBBIES_1_001,CA_2,20.75,20.23,2,False
2016-03-20,HOBBIES_1_001,CA_2,29.07,24.83,2,False
2016-03-21,HOBBIES_1_001,CA_2,26.08,28.75,2,False
2016-03-22,HOBBIES_1_001,CA_2,16.29,15.02,2,False
2016-03-23,HOBBIES_1_001,CA_2,20.58,19.8,2,False
2016-03-24,HOBBIES_1_001,CA_2,11.33,8.9,2,False
2016-03-25,HOBBIES_1_001,CA_2,19.25,18.72,2,False
2016-03-26,HOBBIES_1_001,CA_2,17.32,19.75,2,False
2016-03-27,HOBBIES_1_001,CA_2,19.27,16.87,2,False
2016-03-28,HOBBIES_1_001,CA_2,13.22,14.49,2,False
2016-03-29,HOBBIES_1_001,CA_2,15.56,15.6,2,False
2016-03-30,HOBBIES_1_001,CA_2,21.53,22.01,2,False
2016-03-01,HOBBIES_1_002,TX_1,0.0,3.52,2,True
2016-03-02,HOBBIES_1_002,TX_1,0.0,0.0,2,False
2016-03-03,HOBBIES_1_002,TX_1,0.0,0.0,2,False
2016-03-04,HOBBIES_1_002,TX_1,0.0,0.0,2,False
2016-03-05,HOBBIES_1_002,TX_1,0.0,0.65,2,False
2016-03-06,HOBBIES_1_002,TX_1,0.0,0.0,2,False
2016-03-07,HOBBIES_1_002,TX_1,0.0,0.0,2,False
2016-03-08,HOBBIES_1_002,TX_1,4.31,1.26,2,True
2016-03-09,HOBBIES_1_002,TX_1,0.0,0.0,2,False
2016-03-10,HOBBIES_1_002,TX_1,1.06,2.66,2,True
2016-03-11,HOBBIES_1_002,TX_1,0.0,4.44,2,False
2016-03-12,HOBBIES_1_002,TX_1,1.21,1.66,2,True
2016-03-13,HOBBIES_1_002,TX_1,3.77,1.88,2,False
2016-03-14,HOBBIES_1_002,TX_1,4.28,2.13,2,False
2016-03-15,HOBBIES_1_002,TX_1,4.68,4.49,2,False
2016-03-16,HOBBIES_1_002,TX_1,8.83,6.37,2,False
2016-03-17,HOBBIES_1_002,TX_1,0.0,3.09,2,False
2016-03-18,HOBBIES_1_002,TX_1,0.0,1.28,2,False
2016-03-19,HOBBIES_1_002,TX_1,0.0,0.0,2,False
2016-03-20,HOBBIES_1_002,TX_1,0.0,0.0,2,False
2016-03-21,HOBBIES_1_002,TX_1,7.29,11.39,2,False
2016-03-22,HOBBIES_1_002,TX_1,0.0,0.0,2,False
2016-03-23,HOBBIES_1_002,TX_1,5.93,4.35,2,False
2016-03-24,HOBBIES_1_002,TX_1,4.33,4.99,2,False
2016-03-25,HOBBIES_1_002,TX_1,0.0,2.32,2,False
2016-03-26,HOBBIES_1_002,TX_1,0.0,1.63,2,False
2016-03-27,HOBBIES_1_002,TX_1,0.0,0.62,2,False
2016-03-28,HOBBIES_1_002,TX_1,0.0,0.0,2,False
2016-03-29,HOBBIES_1_002,TX_1,0.0,0.0,2,False
2016-03-30,HOBBIES_1_002,TX_1,0.0,1.42,2,False
2016-03-01,HOBBIES_1_003,TX_2,0.0,4.15,2,False
2016-03-02,HOBBIES_1_003,TX_2,0.0,0.0,2,False
2016-03-03,HOBBIES_1_003,TX_2,3.7,6.67,2,False
2016-03-04,HOBBIES_1_003,TX_2,0.0,1.26,2,False
2016-03-05,HOBBIES_1_003,TX_2,0.0,1.49,2,False
2016-03-06,HOBBIES_1_003,TX_2,0.0,0.0,2,False
2016-03-07,HOBBIES_1_003,TX_2,0.0,1.96,2,False
2016-03-08,HOBBIES_1_003,TX_2,0.0,0.0,2,False
2016-03-09,HOBBIES_1_003,TX_2,0.0,0.0,2,False
2016-03-10,HOBBIES_1_003,TX_2,0.0,0.0,2,False
2016-03-11,HOBBIES_1_003,TX_2,0.0,0.37,2,True
2016-03-12,HOBBIES_1_003,TX_2,0.0,1.16,2,False
2016-03-13,HOBBIES_1_003,TX_2,12.6,11.14,2,False
2016-03-14,HOBBIES_1_003,TX_2,0.0,1.42,2,False
2016-03-15,HOBBIES_1_003,TX_2,0.0,1.57,2,False
2016-03-16,HOBBIES_1_003,TX_2,14.12,11.76,2,False
2016-03-17,HOBBIES_1_003,TX_2,0.0,0.0,2,False
2016-03-18,HOBBIES_1_003,TX_2,0.0,3.15,2,False
2016-03-19,HOBBIES_1_003,TX_2,0.0,2.29,2,False
2016-03-20,HOBBIES_1_003,TX_2,0.0,0.0,2,False
2016-03-21,HOBBIES_1_003,TX_2,11.48,9.82,2,False
2016-03-22,HOBBIES_1_003,TX_2,0.0,0.0,2,False
2016-03-23,HOBBIES_1_003,TX_2,8.35,8.87,2,False
2016-03-24,HOBBIES_1_003,TX_2,0.0,3.72,2,False
2016-03-25,HOBBIES_1_003,TX_2,0.0,0.0,2,False
2016-03-26,HOBBIES_1_003,TX_2,0.0,0.0,2,False
2016-03-27,HOBBIES_1_003,TX_2,0.0,0.0,2,False
2016-03-28,HOBBIES_1_003,TX_2,0.0,0.0,2,False
2016-03-29,HOBBIES_1_003,TX_2,0.0,0.0,2,False
2016-03-30,HOBBIES_1_003,TX_2,0.0,0.0,2,False
2016-03-01,HOUSEHOLD_1_003,WI_3,0.0,0.09,2,False
2016-03-02,HOUSEHOLD_1_003,WI_3,0.0,0.1,2,False
2016-03-03,HOUSEHOLD_1_003,WI_3,0.0,1.82,2,False
2016-03-04,HOUSEHOLD_1_003,WI_3,7.4,8.81,2,False
2016-03-05,HOUSEHOLD_1_003,WI_3,11.02,12.94,2,False
2016-03-06,HOUSEHOLD_1_003,WI_3,4.96,6.42,2,False
2016-03-07,HOUSEHOLD_1_003,WI_3,10.13,10.31,2,False
2016-03-08,HOUSEHOLD_1_003,WI_3,0.0,0.0,2,False
2016-03-09,HOUSEHOLD_1_003,WI_3,0.0,0.0,2,False
2016-03-10,HOUSEHOLD_1_003,WI_3,0.0,0.0,2,False
2016-03-11,HOUSEHOLD_1_003,WI_3,0.0,0.0,2,False
2016-03-12,HOUSEHOLD_1_003,WI_3,5.24,9.52,2,False
2016-03-13,HOUSEHOLD_1_003,WI_3,0.0,0.2,2,False
2016-03-14,HOUSEHOLD_1_003,WI_3,0.0,0.0,2,False
2016-03-15,HOUSEHOLD_1_003,WI_3,0.0,0.0,2,True
2016-03-16,HOUSEHOLD_1_003,WI_3,0.0,0.0,2,False
2016-03-17,HOUSEHOLD_1_003,WI_3,0.0,0.0,2,False
2016-03-18,HOUSEHOLD_1_003,WI_3,9.81,9.47,2,False
2016-03-19,HOUSEHOLD_1_003,WI_3,0.0,1.77,2,False
2016-03-20,HOUSEHOLD_1_003,WI_3,0.0,0.0,2,False
2016-03-21,HOUSEHOLD_1_003,WI_3,0.0,0.63,2,False
2016-03-22,HOUSEHOLD_1_003,WI_3,0.0,0.44,2,False
2016-03-23,HOUSEHOLD_1_003,WI_3,0.0,0.0,2,False
2016-03-24,HOUSEHOLD_1_003,WI_3,0.0,0.0,2,False
2016-03-25,HOUSEHOLD_1_003,WI_3,0.0,0.0,2,True
2016-03-26,HOUSEHOLD_1_003,WI_3,0.0,3.46,2,False
2016-03-27,HOUSEHOLD_1_003,WI_3,0.0,0.0,2,False
2016-03-28,HOUSEHOLD_1_003,WI_3,9.38,5.47,2,True
2016-03-29,HOUSEHOLD_1_003,WI_3,5.91,3.93,2,False
2016-03-30,HOUSEHOLD_1_003,WI_3,12.32,12.06,2,False
2016-03-01,FOODS_1_001,CA_1,32.41,32.69,3,False
2016-03-02,FOODS_1_001,CA_1,33.35,35.2,3,True
2016-03-03,FOODS_1_001,CA_1,27.02,28.37,3,False
2016-03-04,FOODS_1_001,CA_1,30.07,33.43,3,False
2016-03-05,FOODS_1_001,CA_1,30.6,30.9,3,False
2016-03-06,FOODS_1_001,CA_1,21.41,21.94,3,False
2016-03-07,FOODS_1_001,CA_1,19.58,21.02,3,False
2016-03-08,FOODS_1_001,CA_1,20.15,20.18,3,False
2016-03-09,FOODS_1_001,CA_1,27.26,28.02,3,False
2016-03-10,FOODS_1_001,CA_1,17.89,17.97,3,False
2016-03-11,FOODS_1_001,CA_1,19.96,15.82,3,False
2016-03-12,FOODS_1_001,CA_1,32.81,34.84,3,False
2016-03-13,FOODS_1_001,CA_1,29.44,27.95,3,False
2016-03-14,FOODS_1_001,CA_1,21.58,19.21,3,False
2016-03-15,FOODS_1_001,CA_1,35.27,31.18,3,False
2016-03-16,FOODS_1_001,CA_1,24.17,24.99,3,False
2016-03-17,FOODS_1_001,CA_1,38.12,37.83,3,False
2016-03-18,FOODS_1_001,CA_1,39.01,40.12,3,False
2016-03-19,FOODS_1_001,CA_1,22.73,23.71,3,True
2016-03-20,FOODS_1_001,CA_1,29.31,30.69,3,False
2016-03-21,FOODS_1_001,CA_1,31.75,29.51,3,False
2016-03-22,FOODS_1_001,CA_1,23.59,23.48,3,False
2016-03-23,FOODS_1_001,CA_1,33.37,34.74,3,False
2016-03-24,FOODS_1_001,CA_1,21.12,20.57,3,False
2016-03-25,FOODS_1_001,CA_1,30.76,30.32,3,False
2016-03-26,FOODS_1_001,CA_1,22.45,21.51,3,False
2016-03-27,FOODS_1_001,CA_1,30.77,32.68,3,False
2016-03-28,FOODS_1_001,CA_1,21.79,20.83,3,False
2016-03-29,FOODS_1_001,CA_1,30.99,30.1,3,False
2016-03-30,FOODS_1_001,CA_1,29.52,27.34,3,True
2016-03-01,FOODS_1_002,CA_1,0.79,0.44,3,False
2016-03-02,FOODS_1_002,CA_1,0.0,0.0,3,False
2016-03-03,FOODS_1_002,CA_1,1.46,5.01,3,False
2016-03-04,FOODS_1_002,CA_1,1.71,3.19,3,False
2016-03-05,FOODS_1_002,CA_1,2.29,0.0,3,False
2016-03-06,FOODS_1_002,CA_1,0.0,0.0,3,True
2016-03-07,FOODS_1_002,CA_1,1.0,3.18,3,False
2016-03-08,FOODS_1_002,CA_1,0.0,0.46,3,True
2016-03-09,FOODS_1_002,CA_1,1.76,0.87,3,False
2016-03-10,FOODS_1_002,CA_1,1.58,2.07,3,False
2016-03-11,FOODS_1_002,CA_1,0.0,0.0,3,False
2016-03-12,FOODS_1_002,CA_1,1.14,0.0,3,False
2016-03-13,FOODS_1_002,CA_1,1.12,0.0,3,False
2016-03-14,FOODS_1_002,CA_1,1.1,0.17,3,False
2016-03-15,FOODS_1_002,CA_1,1.51,0.58,3,False
2016-03-16,FOODS_1_002,CA_1,0.82,4.61,3,True
2016-03-17,FOODS_1_002,CA_1,1.66,0.39,3,False
2016-03-18,FOODS_1_002,CA_1,0.83,0.16,3,False
2016-03-19,FOODS_1_002,CA_1,0.0,0.0,3,False
2016-03-20,FOODS_1_002,CA_1,0.47,0.0,3,False
2016-03-21,FOODS_1_002,CA_1,2.07,1.14,3,False
2016-03-22,FOODS_1_002,CA_1,1.78,1.07,3,False
2016-03-23,FOODS_1_002,CA_1,0.42,0.0,3,False
2016-03-24,FOODS_1_002,CA_1,0.62,3.38,3,False
2016-03-25,FOODS_1_002,CA_1,0.23,4.1,3,False
2016-03-26,FOODS_1_002,CA_1,0.19,4.12,3,False
2016-03-27,FOODS_1_002,CA_1,2.87,4.28,3,True
2016-03-28,FOODS_1_002,CA_1,1.82,0.0,3,True
2016-03-29,FOODS_1_002,CA_1,1.15,0.48,3,False
2016-03-30,FOODS_1_002,CA_1,2.16,0.0,3,False
2016-03-01,FOODS_1_003,TX_1,6.79,7.9,3,False
2016-03-02,FOODS_1_003,TX_1,8.0,10.17,3,False
2016-03-03,FOODS_1_003,TX_1,9.46,11.29,3,False
2016-03-04,FOODS_1_003,TX_1,5.8,5.37,3,False
2016-03-05,FOODS_1_003,TX_1,5.81,6.39,3,False
2016-03-06,FOODS_1_003,TX_1,8.6,11.17,3,True
2016-03-07,FOODS_1_003,TX_1,5.73,6.31,3,False
2016-03-08,FOODS_1_003,TX_1,4.86,3.93,3,False
2016-03-09,FOODS_1_003,TX_1,6.28,4.74,3,False
2016-03-10,FOODS_1_003,TX_1,7.61,4.87,3,False
2016-03-11,FOODS_1_003,TX_1,5.29,7.84,3,False
2016-03-12,FOODS_1_003,TX_1,8.5,8.37,3,True
2016-03-13,FOODS_1_003,TX_1,4.81,3.31,3,False
2016-03-14,FOODS_1_003,TX_1,6.54,6.45,3,False
2016-03-15,FOODS_1_003,TX_1,7.87,5.24,3,False
2016-03-16,FOODS_1_003,TX_1,4.95,5.59,3,False
2016-03-17,FOODS_1_003,TX_1,8.25,7.37,3,False
2016-03-18,FOODS_1_003,TX_1,8.34,6.87,3,False
2016-03-19,FOODS_1_003,TX_1,8.41,4.81,3,False
2016-03-20,FOODS_1_003,TX_1,7.33,4.9,3,False
2016-03-21,FOODS_1_003,TX_1,6.65,8.98,3,False
2016-03-22,FOODS_1_003,TX_1,8.78,6.44,3,False
2016-03-23,FOODS_1_003,TX_1,9.14,7.06,3,True
2016-03-24,FOODS_1_003,TX_1,5.77,4.56,3,False
2016-03-25,FOODS_1_003,TX_1,7.74,8.49,3,False
2016-03-26,FOODS_1_003,TX_1,5.62,3.84,3,False
2016-03-27,FOODS_1_003,TX_1,6.41,5.68,3,False
2016-03-28,FOODS_1_003,TX_1,7.49,7.79,3,True
2016-03-29,FOODS_1_003,TX_1,9.05,10.69,3,False
2016-03-30,FOODS_1_003,TX_1,7.73,5.56,3,False
2016-03-01,FOODS_1_004,TX_2,18.25,18.02,3,True
2016-03-02,FOODS_1_004,TX_2,16.77,15.35,3,True
2016-03-03,FOODS_1_004,TX_2,15.8,15.11,3,False
2016-03-04,FOODS_1_004,TX_2,16.47,20.14,3,False
2016-03-05,FOODS_1_004,TX_2,19.85,17.73,3,False
2016-03-06,FOODS_1_004,TX_2,14.46,14.6,3,False
2016-03-07,FOODS_1_004,TX_2,20.51,22.23,3,False
2016-03-08,FOODS_1_004,TX_2,13.71,19.01,3,False
2016-03-09,FOODS_1_004,TX_2,11.94,12.33,3,True
2016-03-10,FOODS_1_004,TX_2,19.54,16.64,3,False
2016-03-11,FOODS_1_004,TX_2,10.13,11.22,3,False
2016-03-12,FOODS_1_004,TX_2,11.4,13.53,3,False
2016-03-13,FOODS_1_004,TX_2,13.96,13.01,3,False
2016-03-14,FOODS_1_004,TX_2,14.1,11.52,3,False
2016-03-15,FOODS_1_004,TX_2,20.39,19.5,3,False
2016-03-16,FOODS_1_004,TX_2,10.23,9.41,3,False
2016-03-17,FOODS_1_004,TX_2,18.52,18.14,3,False
2016-03-18,FOODS_1_004,TX_2,13.94,14.09,3,False
2016-03-19,FOODS_1_004,TX_2,9.83,12.67,3,False
2016-03-20,FOODS_1_004,TX_2,18.17,19.56,3,False
2016-03-21,FOODS_1_004,TX_2,15.15,15.68,3,False
2016-03-22,FOODS_1_004,TX_2,18.26,19.46,3,False
2016-03-23,FOODS_1_004,TX_2,17.43,15.76,3,False
2016-03-24,FOODS_1_004,TX_2,17.98,14.52,3,False
2016-03-25,FOODS_1_004,TX_2,13.83,15.29,3,False
2016-03-26,FOODS_1_004,TX_2,18.89,20.03,3,False
2016-03-27,FOODS_1_004,TX_2,18.19,21.4,3,False
2016-03-28,FOODS_1_004,TX_2,9.98,9.52,3,False
2016-03-29,FOODS_1_004,TX_2,16.55,16.72,3,True
2016-03-30,FOODS_1_004,TX_2,11.86,11.57,3,False
2016-03-01,HOUSEHOLD_1_001,WI_1,7.34,8.17,3,False
2016-03-02,HOUSEHOLD_1_001,WI_1,6.84,4.09,3,False
2016-03-03,HOUSEHOLD_1_001,WI_1,8.46,8.49,3,False
2016-03-04,HOUSEHOLD_1_001,WI_1,10.16,11.45,3,False
2016-03-05,HOUSEHOLD_1_001,WI_1,8.24,10.22,3,True
2016-03-06,HOUSEHOLD_1_001,WI_1,8.52,5.38,3,True
2016-03-07,HOUSEHOLD_1_001,WI_1,9.5,11.17,3,False
2016-03-08,HOUSEHOLD_1_001,WI_1,8.8,8.74,3,False
2016-03-09,HOUSEHOLD_1_001,WI_1,12.47,9.08,3,False
2016-03-10,HOUSEHOLD_1_001,WI_1,11.3,12.72,3,False
2016-03-11,HOUSEHOLD_1_001,WI_1,9.02,9.8,3,True
2016-03-12,HOUSEHOLD_1_001,WI_1,9.8,8.52,3,False
2016-03-13,HOUSEHOLD_1_001,WI_1,11.25,13.32,3,False
2016-03-14,HOUSEHOLD_1_001,WI_1,5.7,4.82,3,False
2016-03-15,HOUSEHOLD_1_001,WI_1,8.72,9.1,3,False
2016-03-16,HOUSEHOLD_1_001,WI_1,6.03,6.9,3,False
2016-03-17,HOUSEHOLD_1_001,WI_1,7.19,7.72,3,False
2016-03-18,HOUSEHOLD_1_001,WI_1,8.26,4.16,3,False
2016-03-19,HOUSEHOLD_1_001,WI_1,7.59,11.53,3,False
2016-03-20,HOUSEHOLD_1_001,WI_1,9.78,10.84,3,False
2016-03-21,HOUSEHOLD_1_001,WI_1,4.49,4.68,3,False
2016-03-22,HOUSEHOLD_1_001,WI_1,8.47,6.13,3,False
2016-03-23,HOUSEHOLD_1_001,WI_1,10.87,13.77,3,True
2016-03-24,HOUSEHOLD_1_001,WI_1,9.25,9.97,3,False
2016-03-25,HOUSEHOLD_1_001,WI_1,9.72,10.18,3,False
2016-03-26,HOUSEHOLD_1_001,WI_1,9.99,10.22,3,False
2016-03-27,HOUSEHOLD_1_001,WI_1,10.31,10.06,3,False
2016-03-28,HOUSEHOLD_1_001,WI_1,11.89,13.49,3,False
2016-03-29,HOUSEHOLD_1_001,WI_1,8.85,8.15,3,False
2016-03-30,HOUSEHOLD_1_001,WI_1,7.86,8.83,3,False
2016-03-01,HOUSEHOLD_1_002,WI_2,2.94,4.71,3,False
2016-03-02,HOUSEHOLD_1_002,WI_2,0.0,0.0,3,False
2016-03-03,HOUSEHOLD_1_002,WI_2,0.84,0.0,3,True
2016-03-04,HOUSEHOLD_1_002,WI_2,0.91,0.0,3,False
2016-03-05,HOUSEHOLD_1_002,WI_2,0.0,0.0,3,False
2016-03-06,HOUSEHOLD_1_002,WI_2,0.0,0.0,3,False
2016-03-07,HOUSEHOLD_1_002,WI_2,0.0,0.32,3,False
2016-03-08,HOUSEHOLD_1_002,WI_2,1.47,3.31,3,False
2016-03-09,HOUSEHOLD_1_002,WI_2,0.0,0.33,3,False
2016-03-10,HOUSEHOLD_1_002,WI_2,0.94,2.69,3,False
2016-03-11,HOUSEHOLD_1_002,WI_2,0.0,0.14,3,True
2016-03-12,HOUSEHOLD_1_002,WI_2,0.0,4.21,3,False
2016-03-13,HOUSEHOLD_1_002,WI_2,0.0,0.0,3,False
2016-03-14,HOUSEHOLD_1_002,WI_2,0.95,1.18,3,False
2016-03-15,HOUSEHOLD_1_002,WI_2,0.76,1.75,3,False
2016-03-16,HOUSEHOLD_1_002,WI_2,0.0,1.25,3,False
2016-03-17,HOUSEHOLD_1_002,WI_2,0.0,0.0,3,False
2016-03-18,HOUSEHOLD_1_002,WI_2,0.0,0.0,3,False
2016-03-19,HOUSEHOLD_1_002,WI_2,0.0,1.4,3,False
2016-03-20,HOUSEHOLD_1_002,WI_2,0.0,0.0,3,False
2016-03-21,HOUSEHOLD_1_002,WI_2,0.38,3.14,3,False
2016-03-22,HOUSEHOLD_1_002,WI_2,0.0,1.48,3,False
2016-03-23,HOUSEHOLD_1_002,WI_2,0.0,0.0,3,False
2016-03-24,HOUSEHOLD_1_002,WI_2,0.63,0.99,3,False
2016-03-25,HOUSEHOLD_1_002,WI_2,0.13,1.22,3,False
2016-03-26,HOUSEHOLD_1_002,WI_2,0.0,0.1,3,False
2016-03-27,HOUSEHOLD_1_002,WI_2,1.35,3.41,3,False
2016-03-28,HOUSEHOLD_1_002,WI_2,0.17,0.0,3,False
2016-03-29,HOUSEHOLD_1_002,WI_2,0.0,1.51,3,True
2016-03-30,HOUSEHOLD_1_002,WI_2,0.0,0.0,3,False
2016-03-01,HOBBIES_1_001,CA_2,19.99,22.97,3,False
2016-03-02,HOBBIES_1_001,CA_2,27.27,24.22,3,False
2016-03-03,HOBBIES_1_001,CA_2,16.73,14.07,3,False
2016-03-04,HOBBIES_1_001,CA_2,11.43,11.1,3,False
2016-03-05,HOBBIES_1_001,CA_2,16.67,19.9,3,False
2016-03-06,HOBBIES_1_001,CA_2,29.08,29.29,3,False
2016-03-07,HOBBIES_1_001,CA_2,16.51,17.57,3,True
2016-03-08,HOBBIES_1_001,CA_2,22.5,26.11,3,False
2016-03-09,HOBBIES_1_001,CA_2,18.21,16.74,3,False
2016-03-10,HOBBIES_1_001,CA_2,20.93,19.41,3,False
2016-03-11,HOBBIES_1_001,CA_2,19.12,21.5,3,False
2016-03-12,HOBBIES_1_001,CA_2,21.35,20.24,3,False
2016-03-13,HOBBIES_1_001,CA_2,9.87,8.76,3,False
2016-03-14,HOBBIES_1_001,CA_2,18.49,14.48,3,False
2016-03-15,HOBBIES_1_001,CA_2,23.67,23.3,3,False
2016-03-16,HOBBIES_1_001,CA_2,15.33,16.13,3,False
2016-03-17,HOBBIES_1_001,CA_2,14.36,15.6,3,True
2016-03-18,HOBBIES_1_001,CA_2,14.48,13.33,3,False
2016-03-19,HOBBIES_1_001,CA_2,25.53,23.14,3,False
2016-03-20,HOBBIES_1_001,CA_2,21.76,19.26,3,False
2016-03-21,HOBBIES_1_001,CA_2,20.28,21.81,3,False
2016-03-22,HOBBIES_1_001,CA_2,19.36,17.9,3,False
2016-03-23,HOBBIES_1_001,CA_2,19.6,19.69,3,False
2016-03-24,HOBBIES_1_001,CA_2,23.34,25.3,3,True
2016-03-25,HOBBIES_1_001,CA_2,16.83,17.85,3,False
2016-03-26,HOBBIES_1_001,CA_2,18.21,17.36,3,False
2016-03-27,HOBBIES_1_001,CA_2,20.12,20.23,3,False
2016-03-28,HOBBIES_1_001,CA_2,22.63,22.98,3,False
2016-03-29,HOBBIES_1_001,CA_2,13.0,12.99,3,False
2016-03-30,HOBBIES_1_001,CA_2,23.49,24.47,3,False
2016-03-01,HOBBIES_1_002,TX_1,0.0,2.4,3,True
2016-03-02,HOBBIES_1_002,TX_1,0.0,1.82,3,False
2016-03-03,HOBBIES_1_002,TX_1,0.0,0.0,3,False
2016-03-04,HOBBIES_1_002,TX_1,0.0,0.0,3,False
2016-03-05,HOBBIES_1_002,TX_1,0.0,1.92,3,False
2016-03-06,HOBBIES_1_002,TX_1,0.0,0.28,3,False
2016-03-07,HOBBIES_1_002,TX_1,4.05,0.87,3,False
2016-03-08,HOBBIES_1_002,TX_1,0.0,0.0,3,False
2016-03-09,HOBBIES_1_002,TX_1,6.65,10.23,3,False
2016-03-10,HOBBIES_1_002,TX_1,0.0,0.0,3,False
2016-03-11,HOBBIES_1_002,TX_1,0.0,2.43,3,False
2016-03-12,HOBBIES_1_002,TX_1,0.0,3.19,3,False
2016-03-13,HOBBIES_1_002,TX_1,0.0,4.01,3,False
2016-03-14,HOBBIES_1_002,TX_1,0.0,0.0,3,False
2016-03-15,HOBBIES_1_002,TX_1,0.0,0.24,3,False
2016-03-16,HOBBIES_1_002,TX_1,0.0,3.65,3,True
2016-03-17,HOBBIES_1_002,TX_1,0.0,0.0,3,False
2016-03-18,HOBBIES_1_002,TX_1,0.0,0.0,3,False
2016-03-19,HOBBIES_1_002,TX_1,0.0,0.0,3,False
2016-03-20,HOBBIES_1_002,TX_1,0.0,0.0,3,False
2016-03-21,HOBBIES_1_002,TX_1,2.62,1.59,3,False
2016-03-22,HOBBIES_1_002,TX_1,5.17,6.14,3,False
2016-03-23,HOBBIES_1_002,TX_1,0.0,0.0,3,False
2016-03-24,HOBBIES_1_002,TX_1,0.0,0.0,3,False
2016-03-25,HOBBIES_1_002,TX_1,0.0,0.0,3,False
2016-03-26,HOBBIES_1_002,TX_1,0.0,0.0,3,False
2016-03-27,HOBBIES_1_002,TX_1,0.0,1.03,3,False
2016-03-28,HOBBIES_1_002,TX_1,0.0,0.0,3,False
2016-03-29,HOBBIES_1_002,TX_1,0.0,0.85,3,False
2016-03-30,HOBBIES_1_002,TX_1,0.0,0.0,3,False
2016-03-01,HOBBIES_1_003,TX_2,0.0,0.68,3,False
2016-03-02,HOBBIES_1_003,TX_2,0.0,0.0,3,False
2016-03-03,HOBBIES_1_003,TX_2,0.0,0.0,3,False
2016-03-04,HOBBIES_1_003,TX_2,6.61,4.72,3,False
2016-03-05,HOBBIES_1_003,TX_2,0.0,0.0,3,False
2016-03-06,HOBBIES_1_003,TX_2,0.0,0.0,3,False
2016-03-07,HOBBIES_1_003,TX_2,0.0,4.74,3,False
2016-03-08,HOBBIES_1_003,TX_2,12.07,8.19,3,False
2016-03-09,HOBBIES_1_003,TX_2,0.0,0.0,3,False
2016-03-10,HOBBIES_1_003,TX_2,0.0,0.0,3,True
2016-03-11,HOBBIES_1_003,TX_2,0.0,1.19,3,False
2016-03-12,HOBBIES_1_003,TX_2,4.71,5.08,3,False
2016-03-13,HOBBIES_1_003,TX_2,0.0,0.0,3,False
2016-03-14,HOBBIES_1_003,TX_2,0.0,0.0,3,False
2016-03-15,HOBBIES_1_003,TX_2,0.0,0.0,3,False
2016-03-16,HOBBIES_1_003,TX_2,0.0,0.0,3,True
2016-03-17,HOBBIES_1_003,TX_2,0.0,0.88,3,False
2016-03-18,HOBBIES_1_003,TX_2,0.0,0.0,3,False
2016-03-19,HOBBIES_1_003,TX_2,1.0,0.0,3,False
2016-03-20,HOBBIES_1_003,TX_2,0.0,3.61,3,False
2016-03-21,HOBBIES_1_003,TX_2,7.5,7.06,3,False
2016-03-22,HOBBIES_1_003,TX_2,6.4,4.58,3,True
2016-03-23,HOBBIES_1_003,TX_2,0.0,0.91,3,False
2016-03-24,HOBBIES_1_003,TX_2,6.39,7.26,3,False
2016-03-25,HOBBIES_1_003,TX_2,0.0,0.24,3,False
2016-03-26,HOBBIES_1_003,TX_2,0.0,0.0,3,False
2016-03-27,HOBBIES_1_003,TX_2,0.0,3.72,3,False
2016-03-28,HOBBIES_1_003,TX_2,0.0,0.0,3,True
2016-03-29,HOBBIES_1_003,TX_2,4.08,3.15,3,False
2016-03-30,HOBBIES_1_003,TX_2,0.0,1.01,3,False
2016-03-01,HOUSEHOLD_1_003,WI_3,0.0,0.0,3,False
2016-03-02,HOUSEHOLD_1_003,WI_3,11.75,12.18,3,False
2016-03-03,HOUSEHOLD_1_003,WI_3,12.09,9.83,3,False
2016-03-04,HOUSEHOLD_1_003,WI_3,0.0,0.0,3,False
2016-03-05,HOUSEHOLD_1_003,WI_3,0.0,0.0,3,False
2016-03-06,HOUSEHOLD_1_003,WI_3,1.04,0.0,3,False
2016-03-07,HOUSEHOLD_1_003,WI_3,0.0,1.9,3,False
2016-03-08,HOUSEHOLD_1_003,WI_3,0.0,1.41,3,False
2016-03-09,HOUSEHOLD_1_003,WI_3,0.0,0.0,3,False
2016-03-10,HOUSEHOLD_1_003,WI_3,11.24,9.87,3,False
2016-03-11,HOUSEHOLD_1_003,WI_3,0.0,2.58,3,True
2016-03-12,HOUSEHOLD_1_003,WI_3,0.0,2.6,3,True
2016-03-13,HOUSEHOLD_1_003,WI_3,0.0,0.19,3,False
2016-03-14,HOUSEHOLD_1_003,WI_3,6.55,1.71,3,False
2016-03-15,HOUSEHOLD_1_003,WI_3,0.0,0.0,3,False
2016-03-16,HOUSEHOLD_1_003,WI_3,2.99,3.44,3,False
2016-03-17,HOUSEHOLD_1_003,WI_3,0.0,0.0,3,False
2016-03-18,HOUSEHOLD_1_003,WI_3,1.49,0.0,3,False
2016-03-19,HOUSEHOLD_1_003,WI_3,7.11,7.06,3,False
2016-03-20,HOUSEHOLD_1_003,WI_3,0.0,0.9,3,False
2016-03-21,HOUSEHOLD_1_003,WI_3,0.0,0.27,3,False
2016-03-22,HOUSEHOLD_1_003,WI_3,4.45,8.37,3,False
2016-03-23,HOUSEHOLD_1_003,WI_3,0.0,0.0,3,False
2016-03-24,HOUSEHOLD_1_003,WI_3,0.0,2.09,3,True
2016-03-25,HOUSEHOLD_1_003,WI_3,0.0,5.82,3,False
2016-03-26,HOUSEHOLD_1_003,WI_3,4.46,7.38,3,False
2016-03-27,HOUSEHOLD_1_003,WI_3,0.0,0.0,3,True
2016-03-28,HOUSEHOLD_1_003,WI_3,0.0,0.64,3,False
2016-03-29,HOUSEHOLD_1_003,WI_3,0.0,0.91,3,False
2016-03-30,HOUSEHOLD_1_003,WI_3,0.0,0.0,3,False
